userId;email;passwordHash;role;name;avatarUrl;bio;interests;budgetRange;contactPhone;createdAt
u001;alice@example.com;$2a$10$abcd...;traveller;Alice Nguyen;https://cdn.example.com/avatar/alice.jpg;Người thích đi du lịch một mình, mê biển và núi.;"beach;hiking;food";Trung bình;;2025-01-10T09:12:33Z
u002;besthotel@provider.com;$2a$10$efgh...;provider;Best Hotel Resort;https://cdn.example.com/provider/hotel.jpg;Chuỗi khách sạn nghỉ dưỡng 5 sao tại Đà Nẵng.;;;84991234567;2025-01-15T10:22:00Z
u003;admin@travelai.com;$2a$10$xyz...;admin;TravelAI Admin;;;;;;2025-01-01T00:00:00Z
u004;charlie.tour@example.com;$2a$10$hijk...;provider;Charlie's Local Tours;https://cdn.example.com/provider/tour.jpg;Cung cấp các tour du lịch sinh thái và văn hóa tại Miền Tây.;;;84902345678;2025-02-01T11:45:10Z
u005;david_adventurer@traveller.com;$2a$10$lmno...;traveller;David Le;https://cdn.example.com/avatar/david.jpg;Thích du lịch mạo hiểm, đặc biệt là trekking và leo núi.;"trekking;mountain;adventure";Cao;;2025-02-05T15:20:55Z
u006;emerald.spa@provider.com;$2a$10$pqrs...;provider;Emerald Spa & Wellness;https://cdn.example.com/provider/spa.jpg;Dịch vụ Spa và chăm sóc sức khỏe cao cấp tại TP.HCM.;;;84913456789;2025-02-10T08:00:00Z
u007;fiona_explorer@traveller.com;$2a$10$tuvw...;traveller;Fiona Tran;https://cdn.example.com/avatar/fiona.jpg;Nghiên cứu văn hóa và lịch sử, thích các thành phố cổ.;"history;culture;city";Trung bình;;2025-02-15T19:30:12Z
u008;global.car@provider.com;$2a$10$wxyz...;provider;Global Car Rental;https://cdn.example.com/provider/car.jpg;Dịch vụ cho thuê xe tự lái và xe du lịch trên toàn quốc.;;;84924567890;2025-02-20T14:10:05Z
u009;henry.foodie@traveller.com;$2a$10$uvwx...;traveller;Henry Pham;https://cdn.example.com/avatar/henry.jpg;Chuyên săn lùng ẩm thực đường phố và các món ăn địa phương.;"food;streetfood;local";Thấp;;2025-02-25T07:50:30Z
u010;island.cruise@provider.com;$2a$10$vwxy...;provider;Island Cruise Ha Long;https://cdn.example.com/provider/cruise.jpg;Du thuyền 4 sao khám phá Vịnh Hạ Long.;;;84935678901;2025-03-01T16:05:40Z
u011;ivy_travels@traveller.com;$2a$10$abcd...;traveller;Ivy Vo;https://cdn.example.com/avatar/ivy.jpg;Thích du lịch cùng gia đình, ưu tiên resort có tiện ích cho trẻ em.;"family;resort;beach";Cao;;2025-03-05T22:15:00Z
u012;jade.trekking@provider.com;$2a$10$efgh...;provider;Jade Sapa Tours;https://cdn.example.com/provider/sapa.jpg;Cung cấp các tour trekking khám phá Sapa.;;;84946789012;2025-03-10T13:40:20Z
u013;kevin.photographer@traveller.com;$2a$10$hijk...;traveller;Kevin Nguyen;https://cdn.example.com/avatar/kevin.jpg;Đam mê nhiếp ảnh, luôn tìm kiếm những cảnh đẹp hoang sơ.;"photography;nature;hoangso";Trung bình;;2025-03-15T09:05:15Z
u014;lily.boutique@provider.com;$2a$10$lmno...;provider;Lily Boutique Hotels;https://cdn.example.com/provider/boutique.jpg;Chuỗi khách sạn boutique tại Hội An và Đà Lạt.;;;84957890123;2025-03-20T17:55:35Z
u015;mike_backpacker@traveller.com;$2a$10$pqrs...;traveller;Mike Dang;https://cdn.example.com/avatar/mike.jpg;Backpacker, thích du lịch bụi và tiết kiệm.;"backpacking;cheap;localfood";Thấp;;2025-03-25T11:10:48Z
u016;luxury.villa@provider.com;$2a$10$tuvw...;provider;Luxury Villa Rentals;https://cdn.example.com/provider/villa.jpg;Cho thuê biệt thự nghỉ dưỡng cao cấp tại Phú Quốc.;;;84968901234;2025-03-30T06:30:59Z
u017;nina_relax@traveller.com;$2a$10$wxyz...;traveller;Nina Bui;https://cdn.example.com/avatar/nina.jpg;Ưu tiên du lịch nghỉ dưỡng, cần yên tĩnh và dịch vụ spa.;"relax;spa;luxury";Cao;;2025-04-05T18:44:22Z
u018;ocean.diving@provider.com;$2a$10$uvwx...;provider;Ocean Diving Nha Trang;https://cdn.example.com/provider/diving.jpg;Dịch vụ lặn biển và lặn ống thở tại Nha Trang.;;;84979012345;2025-04-10T12:08:11Z
u019;oscar_historian@traveller.com;$2a$10$vwxy...;traveller;Oscar Dinh;https://cdn.example.com/avatar/oscar.jpg;Yêu thích khám phá các di tích lịch sử và kiến trúc cổ.;"history;architecture;culture";Trung bình;;2025-04-15T09:19:37Z
u020;premium.transfer@provider.com;$2a$10$abcd...;provider;Premium Airport Transfer;https://cdn.example.com/provider/transfer.jpg;Dịch vụ xe Limousine đưa đón sân bay cao cấp.;;;84980123456;2025-04-20T17:00:50Z
u021;peter_family@traveller.com;$2a$10$efgh...;traveller;Peter Hoang;https://cdn.example.com/avatar/peter.jpg;Du lịch với 2 con nhỏ, tìm kiếm các hoạt động vui chơi cho trẻ.;"family;kids;amusement";Trung bình;;2025-04-25T10:35:28Z
u022;queen.homestay@provider.com;$2a$10$hijk...;provider;Queen Homestay Da Lat;https://cdn.example.com/provider/homestay.jpg;Chuỗi homestay ấm cúng, view săn mây tại Đà Lạt.;;;84991234567;2025-05-01T21:02:14Z
u023;quinn_culture@traveller.com;$2a$10$lmno...;traveller;Quinn Vu;https://cdn.example.com/avatar/quinn.jpg;Quan tâm đến các làng nghề truyền thống và ẩm thực địa phương.;"localcraft;food;culture";Thấp;;2025-05-05T14:50:00Z
u024;river.tour@provider.com;$2a$10$pqrs...;provider;River Delta Tours;https://cdn.example.com/provider/river.jpg;Tour khám phá sông nước và chợ nổi Cần Thơ.;;;84902345678;2025-05-10T08:18:45Z
u025;ryan_digital@traveller.com;$2a$10$tuvw...;traveller;Ryan Do;https://cdn.example.com/avatar/ryan.jpg;Digital Nomad, cần wifi ổn định và không gian làm việc.;"work;cafe;city";Trung bình;;2025-05-15T16:25:33Z
u026;sun.resort@provider.com;$2a$10$wxyz...;provider;Sun Beach Resorts;https://cdn.example.com/provider/beach.jpg;Resort 4 sao tại Mũi Né và Phan Thiết.;;;84913456789;2025-05-20T09:40:51Z
u027;sophie_beach@traveller.com;$2a$10$uvwx...;traveller;Sophie Ho;https://cdn.example.com/avatar/sophie.jpg;Thích tắm nắng và lặn biển, luôn tìm kiếm bãi biển đẹp.;"beach;diving;sunbath";Cao;;2025-05-25T13:14:09Z
u028;travel.agency@provider.com;$2a$10$vwxy...;provider;Travel Hub Agency;https://cdn.example.com/provider/agency.jpg;Đại lý du lịch tổng hợp, bán vé tour và phòng khách sạn.;;;84924567890;2025-05-30T17:33:24Z
u029;thomas_solo@traveller.com;$2a$10$abcd...;traveller;Thomas Cao;https://cdn.example.com/avatar/thomas.jpg;Thường xuyên đi du lịch bụi một mình, thích khám phá các vùng núi phía Bắc.;"solo;mountain;adventure";Trung bình;;2025-06-05T06:58:18Z
u030;urban.hotel@provider.com;$2a$10$efgh...;provider;Urban City Hotels;https://cdn.example.com/provider/urban.jpg;Chuỗi khách sạn trung tâm thành phố (Hà Nội, TP.HCM).;;;84935678901;2025-06-10T10:11:07Z
u031;ursula_wellness@traveller.com;$2a$10$hijk...;traveller;Ursula Diep;https://cdn.example.com/avatar/ursula.jpg;Du lịch nghỉ dưỡng, chú trọng thiền và yoga.;"yoga;meditation;wellness";Cao;;2025-06-15T14:26:55Z
u032;vietnam.airlines@provider.com;$2a$10$lmno...;provider;Vietnam Skies (Tickets);https://cdn.example.com/provider/airline.jpg;Bán vé máy bay nội địa và quốc tế giá tốt.;;;84946789012;2025-06-20T18:39:41Z
u033;victor_wine@traveller.com;$2a$10$pqrs...;traveller;Victor Ly;https://cdn.example.com/avatar/victor.jpg;Thích thưởng thức rượu vang và trải nghiệm ẩm thực cao cấp.;"wine;finedining;luxury";Cao;;2025-06-25T23:01:50Z
u034;wonder.park@provider.com;$2a$10$tuvw...;provider;Wonderland Theme Parks;https://cdn.example.com/provider/park.jpg;Công viên giải trí và khu nghỉ dưỡng tại Phú Quốc.;;;84957890123;2025-07-01T07:15:30Z
u035;william_roadtrip@traveller.com;$2a$10$wxyz...;traveller;William Kieu;https://cdn.example.com/avatar/william.jpg;Yêu thích road trip, thích thuê xe tự lái và phượt.;"roadtrip;car;phuot";Trung bình;;2025-07-05T12:48:04Z
u036;xuan.homestay@provider.com;$2a$10$uvwx...;provider;Xuan's Homestay Sapa;https://cdn.example.com/provider/homestay2.jpg;Homestay truyền thống của người H'Mông tại Sapa.;;;84968901234;2025-07-10T15:59:17Z
u037;yara_student@traveller.com;$2a$10$vwxy...;traveller;Yara Duong;https://cdn.example.com/avatar/yara.jpg;Sinh viên du lịch, luôn tìm kiếm các ưu đãi và deal giá rẻ.;"student;discount;cheap";Thấp;;2025-07-15T19:24:55Z
u038;zen.resort@provider.com;$2a$10$abcd...;provider;Zen Retreat Hue;https://cdn.example.com/provider/zen.jpg;Khu nghỉ dưỡng thiền và spa tại Huế.;;;84979012345;2025-07-20T21:49:08Z
u039;zane_architect@traveller.com;$2a$10$efgh...;traveller;Zane Hoang;https://cdn.example.com/avatar/zane.jpg;Quan tâm đặc biệt đến kiến trúc cổ và hiện đại.;"architecture;design;history";Cao;;2025-07-25T11:05:33Z
u040;aaron.food@traveller.com;$2a$10$hijk...;traveller;Aaron Tran;https://cdn.example.com/avatar/aaron.jpg;Thích các tour ẩm thực và lớp học nấu ăn địa phương.;"food;cooking;experience";Trung bình;;2025-07-30T14:38:20Z
u041;bella_culture@traveller.com;$2a$10$lmno...;traveller;Bella Nguyen;https://cdn.example.com/avatar/bella.jpg;Yêu thích các lễ hội và khám phá phong tục tập quán.;"festival;culture;local";Trung bình;;2025-08-05T16:55:49Z
u042;carlos_beach@traveller.com;$2a$10$pqrs...;traveller;Carlos Mai;https://cdn.example.com/avatar/carlos.jpg;Thích nghỉ dưỡng ở bãi biển, thích lặn ngắm san hô.;"beach;snorkeling;relax";Cao;;2025-08-10T09:21:05Z
u043;diana_city@traveller.com;$2a$10$tuvw...;traveller;Diana Duong;https://cdn.example.com/avatar/diana.jpg;Thích khám phá cuộc sống về đêm và các quán cà phê độc đáo.;"nightlife;cafe;city";Trung bình;;2025-08-15T13:47:39Z
u044;ethan_nature@traveller.com;$2a$10$wxyz...;traveller;Ethan Bui;https://cdn.example.com/avatar/ethan.jpg;Yêu thiên nhiên, thường xuyên cắm trại và khám phá vườn quốc gia.;"nature;camping;nationalpark";Trung bình;;2025-08-20T07:00:10Z
u045;fabian_budget@traveller.com;$2a$10$uvwx...;traveller;Fabian Hoang;https://cdn.example.com/avatar/fabian.jpg;Du lịch cực kỳ tiết kiệm, tìm kiếm hostel và khách sạn giá rẻ.;"hostel;cheap;backpacking";Thấp;;2025-08-25T11:15:28Z
u046;georgia_art@traveller.com;$2a$10$vwxy...;traveller;Georgia Huynh;https://cdn.example.com/avatar/georgia.jpg;Thích tham quan bảo tàng, phòng trưng bày nghệ thuật.;"art;museum;culture";Cao;;2025-08-30T15:30:44Z
u047;hugo_history@traveller.com;$2a$10$abcd...;traveller;Hugo Le;https://cdn.example.com/avatar/hugo.jpg;Đam mê lịch sử chiến tranh và các di tích cách mạng.;"warhistory;museum;culture";Trung bình;;2025-09-05T18:42:01Z
u048;isabel_photographer@traveller.com;$2a$10$efgh...;traveller;Isabel Tran;https://cdn.example.com/avatar/isabel.jpg;Chuyên chụp ảnh phong cảnh, cần các tour xe riêng đến địa điểm đẹp.;"photography;scenery;privatecar";Cao;;2025-09-10T22:07:19Z
u049;jack_family@traveller.com;$2a$10$hijk...;traveller;Jack Vo;https://cdn.example.com/avatar/jack.jpg;Du lịch với gia đình lớn, cần villa hoặc căn hộ dịch vụ.;"family;villa;apartment";Cao;;2025-09-15T08:50:35Z
u050;katie_adventurer@traveller.com;$2a$10$lmno...;traveller;Katie Nguyen;https://cdn.example.com/avatar/katie.jpg;Thích leo núi và thử thách các môn thể thao mạo hiểm.;"mountain;climbing;adventure";Trung bình;;2025-09-20T11:24:50Z
u051;leo_local@traveller.com;$2a$10$pqrs...;traveller;Leo Pham;https://cdn.example.com/avatar/leo.jpg;Thích khám phá ẩm thực và cuộc sống địa phương.;"local;food;market";Thấp;;2025-09-25T15:40:08Z
u052;mia_relax@traveller.com;$2a$10$tuvw...;traveller;Mia Ly;https://cdn.example.com/avatar/mia.jpg;Du lịch nghỉ dưỡng tại các khu resort biệt lập.;"resort;relax;secluded";Cao;;2025-09-30T19:55:25Z
u053;noah_wanderer@traveller.com;$2a$10$wxyz...;traveller;Noah Bui;https://cdn.example.com/avatar/noah.jpg;Thích đi phượt bằng xe máy, khám phá cung đường đèo.;"motorbike;phuot;mountain";Trung bình;;2025-10-05T06:10:43Z
u054;olivia_culture@traveller.com;$2a$10$uvwx...;traveller;Olivia Tran;https://cdn.example.com/avatar/olivia.jpg;Thích tìm hiểu về Phật giáo và các ngôi chùa cổ.;"pagoda;buddhism;culture";Trung bình;;2025-10-10T09:28:00Z
u055;patrick_sport@traveller.com;$2a$10$vwxy...;traveller;Patrick Ho;https://cdn.example.com/avatar/patrick.jpg;Thích các hoạt động thể thao nước như lướt ván, kayak.;"watersport;beach;adventure";Cao;;2025-10-15T13:44:17Z
u056;quincy_student@traveller.com;$2a$10$abcd...;traveller;Quincy Le;https://cdn.example.com/avatar/quincy.jpg;Sinh viên, tìm kiếm các tour giá rẻ cho nhóm bạn.;"student;group;cheap";Thấp;;2025-10-20T17:59:34Z
u057;rachel_city@traveller.com;$2a$10$efgh...;traveller;Rachel Do;https://cdn.example.com/avatar/rachel.jpg;Thích khám phá các khu trung tâm thương mại và mua sắm.;"shopping;city;luxury";Cao;;2025-10-25T22:15:51Z
u058;sam_digital@traveller.com;$2a$10$hijk...;traveller;Sam Nguyen;https://cdn.example.com/avatar/sam.jpg;Làm việc từ xa, cần homestay/resort có không gian yên tĩnh.;"remotejob;relax;homestay";Trung bình;;2025-11-01T07:08:06Z
u059;taylor_solo@traveller.com;$2a$10$lmno...;traveller;Taylor Pham;https://cdn.example.com/avatar/taylor.jpg;Thích du lịch bụi một mình, không theo lịch trình cố định.;"solo;backpacking;flexi";Thấp;;2025-11-05T10:23:23Z
u060;uma_family@traveller.com;$2a$10$pqrs...;traveller;Uma Vu;https://cdn.example.com/avatar/uma.jpg;Du lịch với gia đình có người lớn tuổi, cần nơi nghỉ dưỡng tiện nghi.;"family;elderly;relax";Cao;;2025-11-10T14:38:40Z
u061;vincent_art@traveller.com;$2a$10$tuvw...;traveller;Vincent Cao;https://cdn.example.com/avatar/vincent.jpg;Tìm kiếm các gallery và các tác phẩm nghệ thuật đường phố.;"art;streetart;city";Trung bình;;2025-11-15T18:54:57Z
u062;willa_nature@traveller.com;$2a$10$wxyz...;traveller;Willa Kieu;https://cdn.example.com/avatar/willa.jpg;Thích các khu rừng nguyên sinh và các tour sinh thái.;"forest;ecotour;nature";Trung bình;;2025-11-20T23:10:15Z
u063;xander_foodie@traveller.com;$2a$10$uvwx...;traveller;Xander Duong;https://cdn.example.com/avatar/xander.jpg;Chuyên review ẩm thực, cần tour khám phá các nhà hàng mới.;"food;review;finedining";Cao;;2025-11-25T08:25:32Z
u064;yasmine_culture@traveller.com;$2a$10$vwxy...;traveller;Yasmine Ly;https://cdn.example.com/avatar/yasmine.jpg;Quan tâm đến các bảo tàng lịch sử và triều đại phong kiến.;"history;museum;ancient";Trung bình;;2025-11-30T12:40:49Z
u065;zara_budget@traveller.com;$2a$10$abcd...;traveller;Zara Bui;https://cdn.example.com/avatar/zara.jpg;Sinh viên, tìm phòng trọ/hostel giá cực rẻ.;"student;hostel;cheap";Thấp;;2025-12-05T17:56:06Z
u066;aiden.adventure@traveller.com;$2a$10$efgh...;traveller;Aiden Tran;https://cdn.example.com/avatar/aiden.jpg;Thích các tour thám hiểm hang động và cắm trại ngoài trời.;"cave;camping;adventure";Cao;;2025-12-10T22:11:23Z
u067;brian_phuot@traveller.com;$2a$10$hijk...;traveller;Brian Hoang;https://cdn.example.com/avatar/brian.jpg;Phượt thủ xe máy chuyên nghiệp, thích cung đường Tây Bắc.;"motorbike;mountain;phuot";Trung bình;;2025-12-15T07:26:40Z
u068;cindy_relax@traveller.com;$2a$10$lmno...;traveller;Cindy Huynh;https://cdn.example.com/avatar/cindy.jpg;Du lịch nghỉ dưỡng, cần bãi biển riêng và dịch vụ yên tĩnh.;"beach;relax;private";Cao;;2025-12-20T11:42:57Z
u069;danny_solo@traveller.com;$2a$10$pqrs...;traveller;Danny Le;https://cdn.example.com/avatar/danny.jpg;Du lịch một mình, thích khám phá các điểm đến ít người biết.;"solo;hiddenplace;adventure";Trung bình;;2025-12-25T15:58:14Z
u070;emily_foodie@traveller.com;$2a$10$tuvw...;traveller;Emily Vo;https://cdn.example.com/avatar/emily.jpg;Yêu thích ẩm thực chay và các quán ăn healthy.;"vegan;healthy;food";Thấp;;2025-12-30T20:13:31Z
u071;frank_history@traveller.com;$2a$10$wxyz...;traveller;Frank Nguyen;https://cdn.example.com/avatar/frank.jpg;Quan tâm đến các câu chuyện lịch sử và kiến trúc thuộc địa.;"history;colonial;architecture";Cao;;2026-01-05T06:28:48Z
u072;gloria_family@traveller.com;$2a$10$uvwx...;traveller;Gloria Pham;https://cdn.example.com/avatar/gloria.jpg;Du lịch với gia đình có người cao tuổi, cần di chuyển thuận tiện.;"family;easyaccess;city";Trung bình;;2026-01-10T10:44:05Z
u073;hassan_photographer@traveller.com;$2a$10$vwxy...;traveller;Hassan Ly;https://cdn.example.com/avatar/hassan.jpg;Thợ ảnh chuyên nghiệp, tìm kiếm các góc chụp cảnh quan độc đáo.;"photography;scenery;unique";Cao;;2026-01-15T14:59:22Z
u074;jasmine_relax@traveller.com;$2a$10$abcd...;traveller;Jasmine Bui;https://cdn.example.com/avatar/jasmine.jpg;Thích nghỉ dưỡng dài ngày, ưu tiên resort có villa riêng.;"longstay;villa;relax";Cao;;2026-01-20T19:14:39Z
u075;kyle_budget@traveller.com;$2a$10$efgh...;traveller;Kyle Tran;https://cdn.example.com/avatar/kyle.jpg;Thích du lịch theo nhóm, chia sẻ chi phí để tiết kiệm.;"group;shared;cheap";Thấp;;2026-01-25T07:30:56Z
u076;laura_culture@traveller.com;$2a$10$hijk...;traveller;Laura Hoang;https://cdn.example.com/avatar/laura.jpg;Yêu thích múa rối nước và các loại hình nghệ thuật dân gian.;"folklore;puppet;art";Trung bình;;2026-01-30T11:46:13Z
u077;mark_adventurer@traveller.com;$2a$10$lmno...;traveller;Mark Huynh;https://cdn.example.com/avatar/mark.jpg;Thích khám phá các khu vực ít phát triển, sống gần thiên nhiên.;"nature;adventure;local";Trung bình;;2026-02-04T16:01:30Z
u078;nadia_city@traveller.com;$2a$10$pqrs...;traveller;Nadia Vo;https://cdn.example.com/avatar/nadia.jpg;Thích các tour tham quan thành phố bằng xe buýt 2 tầng.;"citytour;bus;sightseeing";Trung bình;;2026-02-09T20:16:47Z
u079;osman_backpacker@traveller.com;$2a$10$tuvw...;traveller;Osman Cao;https://cdn.example.com/avatar/osman.jpg;Backpacker, chỉ mang theo hành lý xách tay, du lịch linh hoạt.;"backpacking;light;flexi";Thấp;;2026-02-14T06:32:04Z
u080;paula_wellness@traveller.com;$2a$10$wxyz...;traveller;Paula Kieu;https://cdn.example.com/avatar/paula.jpg;Du lịch kết hợp detox và nghỉ dưỡng sức khỏe.;"detox;wellness;relax";Cao;;2026-02-19T10:47:21Z
u081;quang.provider@provider.com;$2a$10$uvwx...;provider;Quang's Boat Tours;https://cdn.example.com/provider/boat.jpg;Cung cấp dịch vụ thuê thuyền tham quan Vịnh Hạ Long, Cát Bà.;;;84902345679;2026-02-24T14:02:38Z
u082;rachel.boutique@provider.com;$2a$10$vwxy...;provider;Rachel's Boutique Stay;https://cdn.example.com/provider/boutique2.jpg;Khách sạn boutique phong cách cổ điển tại Hà Nội.;;;84913456790;2026-03-01T18:17:55Z
u083;steve_food@traveller.com;$2a$10$abcd...;traveller;Steve Duong;https://cdn.example.com/avatar/steve.jpg;Thích khám phá các quán ăn truyền thống lâu đời.;"traditionalfood;local;history";Trung bình;;2026-03-06T22:33:12Z
u084;tara.trekking@provider.com;$2a$10$efgh...;provider;Tara Mountain Treks;https://cdn.example.com/provider/trek.jpg;Tour trekking và leo núi tại các tỉnh miền núi phía Bắc.;;;84924567901;2026-03-11T07:48:29Z
u085;uma_nature@traveller.com;$2a$10$hijk...;traveller;Uma Le;https://cdn.example.com/avatar/uma2.jpg;Thích tìm hiểu về hệ sinh thái và động vật hoang dã.;"ecology;wildlife;nature";Trung bình;;2026-03-16T11:03:46Z
u086;vinh.car@provider.com;$2a$10$lmno...;provider;Vinh Private Car Hire;https://cdn.example.com/provider/car2.jpg;Dịch vụ thuê xe riêng có tài xế cho các chuyến đi xa.;;;84935679012;2026-03-21T15:19:03Z
u087;wendy_art@traveller.com;$2a$10$pqrs...;traveller;Wendy Tran;https://cdn.example.com/avatar/wendy.jpg;Quan tâm đến các buổi hòa nhạc và nhà hát lớn.;"music;theatre;art";Cao;;2026-03-26T19:34:20Z
u088;xuan.resort@provider.com;$2a$10$tuvw...;provider;Xuan's Seaside Resort;https://cdn.example.com/provider/seaside.jpg;Resort 5 sao có sân golf và bãi biển riêng tại Nha Trang.;;;84946790123;2026-03-31T23:49:37Z
u089;yuri_solo@traveller.com;$2a$10$wxyz...;traveller;Yuri Hoang;https://cdn.example.com/avatar/yuri.jpg;Du lịch một mình, thích phượt và cắm trại tự túc.;"solo;camping;phuot";Thấp;;2026-04-05T08:04:54Z
u090;zane.travels@provider.com;$2a$10$uvwx...;provider;Zane's Adventure Tours;https://cdn.example.com/provider/adv.jpg;Tour mạo hiểm, khám phá hang Sơn Đoòng và các hang động.;;;84957890123;2026-04-10T12:20:11Z
u091;adam_photographer@traveller.com;$2a$10$vwxy...;traveller;Adam Kieu;https://cdn.example.com/avatar/adam.jpg;Chuyên chụp ảnh đường phố và đời sống thường ngày.;"streetphotography;city;local";Trung bình;;2026-04-15T16:35:28Z
u092;bela_budget@traveller.com;$2a$10$abcd...;traveller;Bela Duong;https://cdn.example.com/avatar/bela.jpg;Du lịch bụi theo phong cách tối giản, chỉ chọn phòng Dorm.;"minimalist;dorm;cheap";Thấp;;2026-04-20T20:50:45Z
u093;calvin_tech@traveller.com;$2a$10$efgh...;traveller;Calvin Ho;https://cdn.example.com/avatar/calvin.jpg;Thích các trải nghiệm công nghệ và tiện ích thông minh trong khách sạn.;"technology;smart;city";Cao;;2026-04-25T07:05:02Z
u094;daria_wellness@traveller.com;$2a$10$hijk...;traveller;Daria Le;https://cdn.example.com/avatar/daria.jpg;Quan tâm đến các lớp học nấu ăn chay và các tour nông trại hữu cơ.;"vegan;farm;wellness";Trung bình;;2026-04-30T11:20:19Z
u095;edgar_history@traveller.com;$2a$10$lmno...;traveller;Edgar Tran;https://cdn.example.com/avatar/edgar.jpg;Thích du lịch Huế và khám phá các lăng tẩm Cung đình.;"hue;royaltomb;history";Trung bình;;2026-05-05T15:35:36Z
u096;fanny_family@traveller.com;$2a$10$pqrs...;traveller;Fanny Vo;https://cdn.example.com/avatar/fanny.jpg;Du lịch với gia đình có thú cưng, tìm kiếm các nơi cho phép.;"petfriendly;family;nature";Trung bình;;2026-05-10T19:50:53Z
u097;gabriel_adventure@traveller.com;$2a$10$tuvw...;traveller;Gabriel Nguyen;https://cdn.example.com/avatar/gabriel.jpg;Leo núi và khám phá các khu vực rừng núi hiểm trở.;"climbing;forest;adventure";Cao;;2026-05-15T06:06:10Z
u098;hilda_relax@traveller.com;$2a$10$wxyz...;traveller;Hilda Pham;https://cdn.example.com/avatar/hilda.jpg;Du lịch nghỉ dưỡng tại các khu bungalow ven biển.;"bungalow;beach;relax";Cao;;2026-05-20T10:21:27Z
u099;ivan_local@traveller.com;$2a$10$uvwx...;traveller;Ivan Ly;https://cdn.example.com/avatar/ivan.jpg;Thích tham gia các hoạt động cộng đồng và tình nguyện địa phương.;"volunteer;local;culture";Thấp;;2026-05-25T14:36:44Z
u100;jessica_city@traveller.com;$2a$10$vwxy...;traveller;Jessica Bui;https://cdn.example.com/avatar/jessica.jpg;Thích các khu phố đi bộ và hoạt động ngoài trời tại thành phố.;"walkingstreet;city;outdoor";Trung bình;;2026-05-30T18:52:01Z
u101;kim_adventure@traveller.com;$2a$10$abcd...;traveller;Kim Tran;https://cdn.example.com/avatar/kim.jpg;Thử thách các môn thể thao mạo hiểm dưới nước.;"watersport;adventure;beach";Cao;;2026-06-05T07:07:18Z
u102;leo_budget@traveller.com;$2a$10$efgh...;traveller;Leo Hoang;https://cdn.example.com/avatar/leo2.jpg;Backpacker, luôn tìm kiếm các chuyến đi tàu/xe bus giá rẻ.;"train;bus;cheap";Thấp;;2026-06-10T11:22:35Z
u103;mia_digital@traveller.com;$2a$10$hijk...;traveller;Mia Huynh;https://cdn.example.com/avatar/mia2.jpg;Digital Nomad, tìm kiếm quán cà phê có view đẹp để làm việc.;"digitalnomad;cafe;view";Trung bình;;2026-06-15T15:37:52Z
u104;noah_culture@traveller.com;$2a$10$lmno...;traveller;Noah Vo;https://cdn.example.com/avatar/noah2.jpg;Thích sưu tầm đồ gốm và các sản phẩm thủ công truyền thống.;"ceramic;handicraft;culture";Trung bình;;2026-06-20T19:53:09Z
u105;oliver_family@traveller.com;$2a$10$pqrs...;traveller;Oliver Cao;https://cdn.example.com/avatar/oliver.jpg;Du lịch gia đình, ưu tiên các khu nghỉ dưỡng có bãi tắm an toàn.;"family;safebeach;resort";Cao;;2026-06-25T06:08:26Z
u106;paula_solo@traveller.com;$2a$10$tuvw...;traveller;Paula Kieu;https://cdn.example.com/avatar/paula2.jpg;Du lịch một mình, thích đi bộ khám phá các con hẻm nhỏ.;"solo;walking;local";Thấp;;2026-06-30T10:23:43Z
u107;quentin_history@traveller.com;$2a$10$wxyz...;traveller;Quentin Duong;https://cdn.example.com/avatar/quentin.jpg;Nghiên cứu về thời kỳ chiến tranh Việt Nam.;"warhistory;research;museum";Trung bình;;2026-07-05T14:39:00Z
u108;rachel_relax@traveller.com;$2a$10$uvwx...;traveller;Rachel Nguyen;https://cdn.example.com/avatar/rachel2.jpg;Thích các tour du thuyền nghỉ dưỡng trên Vịnh.;"cruise;relax;luxury";Cao;;2026-07-10T18:54:17Z
u109;samuel_nature@traveller.com;$2a$10$vwxy...;traveller;Samuel Ly;https://cdn.example.com/avatar/samuel.jpg;Thích leo núi và cắm trại ở những nơi có view đẹp.;"mountain;camping;view";Trung bình;;2026-07-15T23:09:34Z
u110;tina_foodie@traveller.com;$2a$10$abcd...;traveller;Tina Bui;https://cdn.example.com/avatar/tina.jpg;Thích các món ăn vặt đường phố và chợ đêm.;"streetfood;nightmarket;food";Thấp;;2026-07-20T07:24:51Z
u111;ulysses_art@traveller.com;$2a$10$efgh...;traveller;Ulysses Tran;https://cdn.example.com/avatar/ulysses.jpg;Yêu thích nghệ thuật kiến trúc Chăm Pa.;"cham;architecture;history";Trung bình;;2026-07-25T11:40:08Z
u112;vera_beach@traveller.com;$2a$10$hijk...;traveller;Vera Hoang;https://cdn.example.com/avatar/vera.jpg;Thích nghỉ dưỡng ở đảo, tìm kiếm các tour lặn biển.;"island;diving;beach";Cao;;2026-07-30T15:55:25Z
u113;walter_phuot@traveller.com;$2a$10$lmno...;traveller;Walter Vo;https://cdn.example.com/avatar/walter.jpg;Phượt thủ, luôn tìm kiếm các cung đường mới và thử thách.;"phuot;adventure;newroute";Trung bình;;2026-08-05T20:10:42Z
u114;xenon_budget@traveller.com;$2a$10$pqrs...;traveller;Xenon Nguyen;https://cdn.example.com/avatar/xenon.jpg;Du lịch tiết kiệm tối đa, ưu tiên các dịch vụ miễn phí.;"free;cheap;backpacking";Thấp;;2026-08-10T06:25:59Z
u115;yvonne_family@traveller.com;$2a$10$tuvw...;traveller;Yvonne Pham;https://cdn.example.com/avatar/yvonne.jpg;Du lịch gia đình, tìm kiếm các khu nghỉ dưỡng có sân golf.;"family;golf;luxury";Cao;;2026-08-15T10:41:16Z
u116;zack_solo@traveller.com;$2a$10$wxyz...;traveller;Zack Ly;https://cdn.example.com/avatar/zack.jpg;Thích du lịch một mình và khám phá ẩm thực đường phố.;"solo;streetfood;local";Trung bình;;2026-08-20T14:56:33Z
u117;alfa.car@provider.com;$2a$10$uvwx...;provider;Alfa Luxury Car Rental;https://cdn.example.com/provider/car3.jpg;Cho thuê xe Limousine và xe cao cấp cho doanh nhân.;;;84902345680;2026-08-25T19:11:50Z
u118;bravo_nature@traveller.com;$2a$10$vwxy...;traveller;Bravo Bui;https://cdn.example.com/avatar/bravo.jpg;Thích các khu bảo tồn thiên nhiên và các tour ngắm động vật.;"conservation;wildlife;nature";Trung bình;;2026-08-30T23:27:07Z
u119;chloe.hotel@provider.com;$2a$10$abcd...;provider;Chloe's Riverside Hotel;https://cdn.example.com/provider/hotel2.jpg;Khách sạn 4 sao ven sông tại Hội An.;;;84913456801;2026-09-05T08:42:24Z
u120;dylan_history@traveller.com;$2a$10$efgh...;traveller;Dylan Tran;https://cdn.example.com/avatar/dylan.jpg;Quan tâm đến các di tích lịch sử thời Pháp thuộc.;"frenchcolonial;history;architecture";Trung bình;;2026-09-10T12:57:41Z
u121;echo.tour@provider.com;$2a$10$hijk...;provider;Echo Mekong Tours;https://cdn.example.com/provider/mekong.jpg;Tour khám phá Đồng bằng sông Cửu Long, vườn trái cây.;;;84924568012;2026-09-15T17:12:58Z
u122;finn_adventure@traveller.com;$2a$10$lmno...;traveller;Finn Hoang;https://cdn.example.com/avatar/finn.jpg;Thích trekking ở các khu vực Tây Nguyên, khám phá văn hóa bản địa.;"highlands;trekking;localculture";Cao;;2026-09-20T21:28:15Z
u123;gamma.spa@provider.com;$2a$10$pqrs...;provider;Gamma Wellness Retreat;https://cdn.example.com/provider/spa2.jpg;Trung tâm chăm sóc sức khỏe và yoga tại Đà Lạt.;;;84935680123;2026-09-25T06:43:32Z
u124;hannah_relax@traveller.com;$2a$10$tuvw...;traveller;Hannah Huynh;https://cdn.example.com/avatar/hannah.jpg;Tìm kiếm các resort có dịch vụ tắm bùn khoáng nóng.;"mudbath;relax;spa";Trung bình;;2026-09-30T10:58:49Z
u125;indigo_budget@traveller.com;$2a$10$wxyz...;traveller;Indigo Vo;https://cdn.example.com/avatar/indigo.jpg;Du lịch tiết kiệm, thích ở chung phòng và nấu ăn tự túc.;"hostel;cooking;cheap";Thấp;;2026-10-05T15:14:06Z
u126;juno.homestay@provider.com;$2a$10$uvwx...;provider;Juno's Green Homestay;https://cdn.example.com/provider/green.jpg;Homestay sinh thái, trồng rau hữu cơ tại Hội An.;;;84946780123;2026-10-10T19:29:23Z
u127;kiran_solo@traveller.com;$2a$10$vwxy...;traveller;Kiran Cao;https://cdn.example.com/avatar/kiran.jpg;Du lịch một mình, thích đi bộ dài ngày và tìm hiểu lịch sử.;"solo;walking;history";Trung bình;;2026-10-15T23:44:40Z
u128;lima.cruise@provider.com;$2a$10$abcd...;provider;Lima Luxury Cruises;https://cdn.example.com/provider/luxurycruise.jpg;Du thuyền 5 sao sang trọng trên Vịnh Lan Hạ.;;;84957890124;2026-10-20T08:00:57Z
u129;milo_photographer@traveller.com;$2a$10$efgh...;traveller;Milo Kieu;https://cdn.example.com/avatar/milo.jpg;Thích chụp ảnh thiên nhiên và động vật hoang dã.;"photography;wildlife;nature";Cao;;2026-10-25T12:16:14Z
u130;nova_city@traveller.com;$2a$10$hijk...;traveller;Nova Duong;https://cdn.example.com/avatar/nova.jpg;Thích khám phá các khu vực đô thị mới và kiến trúc hiện đại.;"modern;architecture;city";Trung bình;;2026-10-30T16:31:31Z
u131;oscar.transfer@provider.com;$2a$10$lmno...;provider;Oscar Premium Transfer;https://cdn.example.com/provider/transfer2.jpg;Dịch vụ thuê xe Limousine đi các tỉnh lân cận TP.HCM.;;;84968901235;2026-11-04T20:46:48Z
u132;piper_family@traveller.com;$2a$10$pqrs...;traveller;Piper Hoang;https://cdn.example.com/avatar/piper.jpg;Du lịch với gia đình có em bé, cần khách sạn có dịch vụ trông trẻ.;"family;babysitting;resort";Cao;;2026-11-09T07:02:05Z
u133;quinn_food@traveller.com;$2a$10$tuvw...;traveller;Quinn Ly;https://cdn.example.com/avatar/quinn2.jpg;Thích khám phá các món ăn đặc sản vùng miền.;"localfood;specialty;food";Trung bình;;2026-11-14T11:17:22Z
u134;romeo.hotel@provider.com;$2a$10$wxyz...;provider;Romeo Beachfront Hotel;https://cdn.example.com/provider/beachhotel.jpg;Khách sạn 3 sao ven biển, giá tốt tại Nha Trang.;;;84979012346;2026-11-19T15:32:39Z
u135;sara_budget@traveller.com;$2a$10$uvwx...;traveller;Sara Bui;https://cdn.example.com/avatar/sara.jpg;Du lịch tiết kiệm, luôn tìm kiếm các coupon và mã giảm giá.;"coupon;discount;cheap";Thấp;;2026-11-24T19:47:56Z
u136;sierra.trek@provider.com;$2a$10$vwxy...;provider;Sierra Trekking Tours;https://cdn.example.com/provider/trek2.jpg;Tour trekking khám phá Tây Nguyên và các thác nước.;;;84980123457;2026-11-29T23:03:13Z
u137;theo_culture@traveller.com;$2a$10$abcd...;traveller;Theo Tran;https://cdn.example.com/avatar/theo.jpg;Quan tâm đến các lễ hội truyền thống lớn của Việt Nam.;"festival;tradition;culture";Trung bình;;2026-12-04T08:18:30Z
u138;tango_adventure@traveller.com;$2a$10$efgh...;traveller;Tango Vo;https://cdn.example.com/avatar/tango.jpg;Thích leo núi và các hoạt động mạo hiểm ngoài trời.;"climbing;outdoor;adventure";Cao;;2026-12-09T12:33:47Z
u139;uniform_nature@traveller.com;$2a$10$hijk...;traveller;Uniform Nguyen;https://cdn.example.com/avatar/uniform.jpg;Yêu thích các hang động và khu vực địa chất độc đáo.;"cave;geology;nature";Trung bình;;2026-12-14T16:49:04Z
u140;victor_digital@traveller.com;$2a$10$lmno...;traveller;Victor Pham;https://cdn.example.com/avatar/victor2.jpg;Digital Nomad, tìm kiếm không gian co-working và wifi tốc độ cao.;"coworking;fastwifi;remotejob";Trung bình;;2026-12-19T21:04:21Z
u141;whiskey_relax@traveller.com;$2a$10$pqrs...;traveller;Whiskey Ly;https://cdn.example.com/avatar/whiskey.jpg;Du lịch nghỉ dưỡng, cần yên tĩnh và liệu pháp massage.;"massage;relax;quiet";Cao;;2026-12-24T07:19:38Z
u142;xray_solo@traveller.com;$2a$10$tuvw...;traveller;Xray Bui;https://cdn.example.com/avatar/xray.jpg;Du lịch một mình, thích đi bộ và ghi lại nhật ký hành trình.;"solo;journal;walking";Thấp;;2026-12-29T11:34:55Z
u143;yankee_family@traveller.com;$2a$10$wxyz...;traveller;Yankee Tran;https://cdn.example.com/avatar/yankee.jpg;Du lịch gia đình, ưu tiên các khu vui chơi giải trí.;"family;amusement;kids";Trung bình;;2027-01-03T15:50:12Z
u144;zulu_foodie@traveller.com;$2a$10$uvwx...;traveller;Zulu Hoang;https://cdn.example.com/avatar/zulu.jpg;Chuyên khám phá các món ăn địa phương của người dân tộc thiểu số.;"ethnicfood;local;culture";Trung bình;;2027-01-08T20:05:29Z
u145;alpha.hotel@provider.com;$2a$10$vwxy...;provider;Alpha Wellness Hotels;https://cdn.example.com/provider/wellness.jpg;Chuỗi khách sạn tập trung vào sức khỏe và nghỉ dưỡng.;;;84902345682;2027-01-13T06:20:46Z
u146;beta_budget@traveller.com;$2a$10$abcd...;traveller;Beta Le;https://cdn.example.com/avatar/beta.jpg;Du lịch cực kỳ tiết kiệm, chấp nhận điều kiện cơ bản.;"minimalist;verycheap;dorm";Thấp;;2027-01-18T10:36:03Z
u147;charlie.car@provider.com;$2a$10$efgh...;provider;Charlie Car Rentals;https://cdn.example.com/provider/car4.jpg;Dịch vụ thuê xe tự lái cho các chuyến đi ngắn.;;;84913456823;2027-01-23T14:51:20Z
u148;delta_history@traveller.com;$2a$10$hijk...;traveller;Delta Nguyen;https://cdn.example.com/avatar/delta.jpg;Quan tâm đến các di tích lịch sử triều Nguyễn tại Huế.;"hue;nguyen;history";Trung bình;;2027-01-28T19:06:37Z
u149;echo.cruise@provider.com;$2a$10$lmno...;provider;Echo Bay Cruises;https://cdn.example.com/provider/cruise2.jpg;Du thuyền tham quan Vịnh Lan Hạ, 3 ngày 2 đêm.;;;84924568234;2027-02-02T23:21:54Z
u150;foxtrot_adventure@traveller.com;$2a$10$pqrs...;traveller;Foxtrot Pham;https://cdn.example.com/avatar/foxtrot.jpg;Thích các tour thám hiểm rừng rậm và hang động.;"jungle;cave;adventure";Cao;;2027-02-07T07:37:11Z
u151;golf.tour@provider.com;$2a$10$tuvw...;provider;Golf Vietnam Tours;https://cdn.example.com/provider/golf.jpg;Tour du lịch kết hợp chơi golf tại các sân golf nổi tiếng.;;;84935682345;2027-02-12T11:52:28Z
u152;hotel_da_lat@provider.com;$2a$10$wxyz...;provider;Da Lat Retreats;https://cdn.example.com/provider/dalathotel.jpg;Chuỗi khách sạn nghỉ dưỡng view đồi tại Đà Lạt.;;;84946782345;2027-02-17T16:07:45Z
u153;india_art@traveller.com;$2a$10$uvwx...;traveller;India Ly;https://cdn.example.com/avatar/india.jpg;Thích các phòng trưng bày nghệ thuật đương đại và kiến trúc hiện đại.;"contemporaryart;modern;architecture";Cao;;2027-02-22T20:23:02Z
u154;juliett_solo@traveller.com;$2a$10$vwxy...;traveller;Juliett Bui;https://cdn.example.com/avatar/juliett.jpg;Thích du lịch một mình, tự tổ chức lịch trình và di chuyển.;"solo;selfplanned;flexible";Trung bình;;2027-02-27T06:38:19Z
u155;kilo.homestay@provider.com;$2a$10$abcd...;provider;Kilo Homestay Sapa;https://cdn.example.com/provider/homestay3.jpg;Homestay có dịch vụ tắm lá thuốc truyền thống của người Dao.;;;84957892345;2027-03-04T10:53:36Z
u156;lima_family@traveller.com;$2a$10$efgh...;traveller;Lima Tran;https://cdn.example.com/avatar/lima.jpg;Du lịch gia đình, cần các hoạt động trải nghiệm văn hóa cho trẻ.;"family;culture;kidsactivity";Trung bình;;2027-03-09T15:08:53Z
u157;mike_budget@traveller.com;$2a$10$hijk...;traveller;Mike Hoang;https://cdn.example.com/avatar/mike2.jpg;Du lịch cực kỳ tiết kiệm, tìm kiếm tour free & hostel.;"free;hostel;budget";Thấp;;2027-03-14T19:24:10Z
u158;november.diving@provider.com;$2a$10$lmno...;provider;November Diving Phu Quoc;https://cdn.example.com/provider/diving2.jpg;Dịch vụ lặn biển và lặn ngắm san hô tại Phú Quốc.;;;84968902345;2027-03-19T23:39:27Z
u159;oscar_relax@traveller.com;$2a$10$pqrs...;traveller;Oscar Vo;https://cdn.example.com/avatar/oscar2.jpg;Thích nghỉ dưỡng ở khu resort xa trung tâm, chú trọng sự riêng tư.;"private;secluded;relax";Cao;;2027-03-25T07:54:44Z
u160;papa.transfer@provider.com;$2a$10$tuvw...;provider;Papa Premium Shuttle;https://cdn.example.com/provider/transfer3.jpg;Dịch vụ xe bus Limousine cao cấp tuyến Đà Nẵng - Hội An.;;;84979012347;2027-03-30T12:10:01Z
u161;quebec_phuot@traveller.com;$2a$10$wxyz...;traveller;Quebec Nguyen;https://cdn.example.com/avatar/quebec.jpg;Phượt thủ xe máy, thích chinh phục các đỉnh núi.;"motorbike;mountain;challenge";Trung bình;;2027-04-04T16:25:18Z
u162;romeo_foodie@traveller.com;$2a$10$uvwx...;traveller;Romeo Ly;https://cdn.example.com/avatar/romeo.jpg;Chuyên review các quán ăn hải sản tươi sống.;"seafood;food;review";Cao;;2027-04-09T20:40:35Z
u163;sierra.hotel@provider.com;$2a$10$vwxy...;provider;Sierra City View Hotel;https://cdn.example.com/provider/cityview.jpg;Khách sạn 4 sao view thành phố tại TP.HCM.;;;84980123458;2027-04-14T06:55:52Z
u164;tango_solo@traveller.com;$2a$10$abcd...;traveller;Tango Bui;https://cdn.example.com/avatar/tango2.jpg;Du lịch một mình, thích khám phá các di tích chiến tranh.;"solo;warhistory;museum";Trung bình;;2027-04-19T11:11:09Z
u165;uniform_budget@traveller.com;$2a$10$efgh...;traveller;Uniform Tran;https://cdn.example.com/avatar/uniform2.jpg;Sinh viên, tìm kiếm các tour du lịch có khuyến mãi lớn.;"student;promotion;cheap";Thấp;;2027-04-24T15:26:26Z
u166;victor_culture@traveller.com;$2a$10$hijk...;traveller;Victor Hoang;https://cdn.example.com/avatar/victor3.jpg;Yêu thích nghệ thuật truyền thống và âm nhạc dân gian.;"traditionalart;music;culture";Trung bình;;2027-04-29T19:41:43Z
u167;whiskey.villa@provider.com;$2a$10$lmno...;provider;Whiskey Luxury Villas;https://cdn.example.com/provider/villa2.jpg;Cho thuê villa có hồ bơi riêng tại Đà Nẵng.;;;84991234568;2027-05-04T07:57:00Z
u168;xray_nature@traveller.com;$2a$10$pqrs...;traveller;Xray Vo;https://cdn.example.com/avatar/xray2.jpg;Thích cắm trại ở những nơi hoang sơ và ngắm sao đêm.;"stargazing;camping;hoangso";Trung bình;;2027-07-13T12:12:17Z
u169;yankee_relax@traveller.com;$2a$10$tuvw...;traveller;Yankee Nguyen;https://cdn.example.com/avatar/yankee2.jpg;Ưu tiên resort 6 sao với dịch vụ quản gia riêng.;"butler;6star;luxury";Cao;;2027-07-18T16:27:34Z
u170;zulu_foodie@traveller.com;$2a$10$wxyz...;traveller;Zulu Pham;https://cdn.example.com/avatar/zulu2.jpg;Thích học nấu các món ăn truyền thống của Huế.;"huefood;cooking;culture";Trung bình;;2027-07-23T20:42:51Z
u171;adam.adventure@provider.com;$2a$10$uvwx...;provider;Adam's Trekking Group;https://cdn.example.com/provider/adv2.jpg;Tổ chức tour trekking mạo hiểm tại Hà Giang và Cao Bằng.;;;84902345683;2027-07-28T06:58:08Z
u172;bravo_history@traveller.com;$2a$10$vwxy...;traveller;Bravo Ly;https://cdn.example.com/avatar/bravo2.jpg;Nghiên cứu về lịch sử các triều đại phong kiến Việt Nam.;"ancienthistory;research;culture";Trung bình;;2027-08-02T11:13:25Z
u173;chloe.transfer@provider.com;$2a$10$abcd...;provider;Chloe VIP Transport;https://cdn.example.com/provider/transfer4.jpg;Dịch vụ thuê xe Van VIP 9 chỗ đi các tỉnh phía Bắc.;;;84913456834;2027-08-07T15:28:42Z
u174;delta_solo@traveller.com;$2a$10$efgh...;traveller;Delta Bui;https://cdn.example.com/avatar/delta2.jpg;Du lịch một mình, thích đi bộ khám phá thành phố về đêm.;"solo;nightwalk;city";Thấp;;2027-08-12T19:43:59Z
u175;echo.homestay@provider.com;$2a$10$hijk...;provider;Echo Riverside Homestay;https://cdn.example.com/provider/homestay4.jpg;Homestay ven sông, gần khu vực chợ nổi Cần Thơ.;;;84924568345;2027-08-17T23:59:16Z
u176;foxtrot_family@traveller.com;$2a$10$lmno...;traveller;Foxtrot Tran;https://cdn.example.com/avatar/foxtrot2.jpg;Du lịch gia đình, cần các hoạt động ngoài trời cho mọi lứa tuổi.;"family;outdoor;allages";Trung bình;;2027-08-22T08:14:33Z
u177;golf_budget@traveller.com;$2a$10$pqrs...;traveller;Golf Vo;https://cdn.example.com/avatar/golf.jpg;Du lịch tiết kiệm, tìm kiếm chỗ ở có bếp để tự nấu ăn.;"cooking;cheap;hostel";Thấp;;2027-08-27T12:29:50Z
u178;hotel_beach@provider.com;$2a$10$tuvw...;provider;Beachfront Boutique Nha Trang;https://cdn.example.com/provider/beachboutique.jpg;Khách sạn boutique view biển tại Nha Trang.;;;84935683456;2027-09-01T16:45:07Z
u179;india_wellness@traveller.com;$2a$10$wxyz...;traveller;India Nguyen;https://cdn.example.com/avatar/india2.jpg;Thích du lịch sinh thái và các hoạt động chữa lành.;"ecotherapy;wellness;nature";Cao;;2027-09-06T20:00:24Z
u180;juliett_art@traveller.com;$2a$10$uvwx...;traveller;Juliett Pham;https://cdn.example.com/avatar/juliett2.jpg;Quan tâm đến nghệ thuật múa rối nước và âm nhạc truyền thống.;"puppet;traditionalmusic;culture";Trung bình;;2027-09-11T06:15:41Z
u181;kilo.cruise@provider.com;$2a$10$vwxy...;provider;Kilo Ha Long Cruises;https://cdn.example.com/provider/cruise3.jpg;Du thuyền 3 sao tiết kiệm, hải trình Vịnh Hạ Long.;;;84946783456;2027-09-16T10:30:58Z
u182;lima_adventure@traveller.com;$2a$10$abcd...;traveller;Lima Ly;https://cdn.example.com/avatar/lima2.jpg;Thích leo núi và cắm trại ở những vùng hẻo lánh.;"offroad;camping;mountain";Trung bình;;2027-09-21T14:46:15Z
u183;mike_solo@traveller.com;$2a$10$efgh...;traveller;Mike Bui;https://cdn.example.com/avatar/mike3.jpg;Du lịch một mình, thích đi xe đạp và khám phá các làng quê.;"bicycle;countryside;solo";Thấp;;2027-09-26T18:01:32Z
u184;november.hotel@provider.com;$2a$10$hijk...;provider;November Luxury Resorts;https://cdn.example.com/provider/luxuryresort.jpg;Khu nghỉ dưỡng 5 sao cao cấp tại Phú Quốc.;;;84957893456;2027-10-01T22:16:49Z
u185;oscar_photographer@traveller.com;$2a$10$lmno...;traveller;Oscar Tran;https://cdn.example.com/avatar/oscar3.jpg;Chuyên chụp ảnh kiến trúc và di tích lịch sử.;"architecture;history;photography";Cao;;2027-10-06T07:32:06Z
u186;papa_family@traveller.com;$2a$10$pqrs...;traveller;Papa Vo;https://cdn.example.com/avatar/papa.jpg;Du lịch gia đình, tìm kiếm các khu nghỉ dưỡng có bãi biển sạch.;"family;cleanbeach;resort";Trung bình;;2027-10-11T11:47:23Z
u187;quebec_budget@traveller.com;$2a$10$tuvw...;traveller;Quebec Nguyen;https://cdn.example.com/avatar/quebec2.jpg;Du lịch tiết kiệm, tìm kiếm các tour du lịch cộng đồng.;"communitytour;cheap;local";Thấp;;2027-10-16T16:02:40Z
u188;romeo.transfer@provider.com;$2a$10$wxyz...;provider;Romeo VIP Car;https://cdn.example.com/provider/vipcar.jpg;Dịch vụ thuê xe VIP có tài xế, đi các tỉnh miền Trung.;;;84968903456;2027-10-21T20:17:57Z
u189;sierra_culture@traveller.com;$2a$10$uvwx...;traveller;Sierra Ly;https://cdn.example.com/avatar/sierra.jpg;Quan tâm đến các bảo tàng và nghệ thuật dân gian.;"folklore;museum;culture";Trung bình;;2027-10-26T06:33:14Z
u190;tango_adventurer@traveller.com;$2a$10$vwxy...;traveller;Tango Bui;https://cdn.example.com/avatar/tango3.jpg;Thích leo núi và các tour thám hiểm hang động (chuyên nghiệp).;"caving;climbing;expert";Cao;;2027-10-31T10:48:31Z
u191;uniform.agency@provider.com;$2a$10$abcd...;provider;Uniform Travel Services;https://cdn.example.com/provider/agency2.jpg;Đại lý du lịch chuyên các tour trọn gói đi nước ngoài.;;;84979013456;2027-11-05T15:03:48Z
u192;victor_solo@traveller.com;$2a$10$efgh...;traveller;Victor Tran;https://cdn.example.com/avatar/victor4.jpg;Du lịch một mình, thích đi bộ và thưởng thức ẩm thực đường phố.;"solo;streetfood;walking";Trung bình;;2027-11-10T19:19:05Z
u193;whiskey_relax@traveller.com;$2a$10$hijk...;traveller;Whiskey Hoang;https://cdn.example.com/avatar/whiskey2.jpg;Thích nghỉ dưỡng kết hợp liệu trình chăm sóc sức khỏe.;"detox;spa;relax";Cao;;2027-11-15T06:34:22Z
u194;xray_budget@traveller.com;$2a$10$lmno...;traveller;Xray Vo;https://cdn.example.com/avatar/xray3.jpg;Sinh viên, tìm kiếm các chỗ ở gần trường/trung tâm với giá rẻ nhất.;"student;hostel;budget";Thấp;;2027-11-20T10:49:39Z
u195;yankee_family@traveller.com;$2a$10$pqrs...;traveller;Yankee Nguyen;https://cdn.example.com/avatar/yankee3.jpg;Du lịch gia đình, ưu tiên các khu nghỉ dưỡng có hoạt động thể thao.;"family;sport;resort";Trung bình;;2027-11-25T14:04:56Z
u196;zulu.diving@provider.com;$2a$10$tuvw...;provider;Zulu Diving Vietnam;https://cdn.example.com/provider/diving3.jpg;Cung cấp tour lặn chuyên nghiệp tại Côn Đảo và Phú Quốc.;;;84980124567;2027-11-30T18:20:13Z
u197;alpha_city@traveller.com;$2a$10$wxyz...;traveller;Alpha Pham;https://cdn.example.com/avatar/alpha.jpg;Thích khám phá các khu chợ truyền thống và ẩm thực địa phương.;"market;localfood;city";Trung bình;;2027-12-05T22:35:30Z
u198;beta_nature@traveller.com;$2a$10$uvwx...;traveller;Beta Ly;https://cdn.example.com/avatar/beta2.jpg;Yêu thích các tour sinh thái và tìm hiểu về cây cỏ, hoa lá.;"ecotour;botany;nature";Trung bình;;2027-12-10T07:50:47Z
u199;charlie_foodie@traveller.com;$2a$10$vwxy...;traveller;Charlie Bui;https://cdn.example.com/avatar/charlie.jpg;Chuyên săn lùng các món ăn đặc sản vùng cao.;"highlandsfood;ethnic;food";Trung bình;;2027-12-15T12:06:04Z
u200;delta.admin@travelai.com;$2a$10$abcd...;admin;TravelAI Support;;;;;;2027-12-20T16:21:21Z
